test,ranks,nodes,seconds_best_of_3
pi,1,1,26.0707
pi,2,1,12.9913
pi,4,1,6.5478
pi,8,1,3.2355
pi,16,1,1.6292
pi,32,2,0.8209
pi,48,3,0.5423
pi,64,4,0.409
pi,96,6,0.2744
pi,128,8,0.2052
pi,160,10,0.1661
pi,208,13,0.1436
jacobi,1,1,7.2752
jacobi,2,1,5.519
jacobi,4,1,5.4675
jacobi,8,1,3.1537
jacobi,16,1,2.1498
jacobi,32,2,0.9682
jacobi,48,3,0.5767
jacobi,64,4,0.7868
jacobi,96,6,0.5571
jacobi,128,8,0.586
jacobi,160,10,0.504
jacobi,208,13,0.4562
allred,1,1,0.0
allred,2,1,0.0002
allred,4,1,0.0005
allred,8,1,0.0012
allred,16,1,0.0019
allred,48,3,0.0706
allred,64,4,0.0952
allred,96,6,0.1355
allred,128,8,0.172
allred,160,10,0.1872
allred,208,13,0.8651
