material_id,material_name,thickness_mm,sigma_Sm,mu_r,se_hf_30mhz_plane_db,se_vhf_150mhz_plane_db,se_uhf_800mhz_plane_db,se_wifi_2.4ghz_plane_db,se_hf_30mhz_H_field_db,se_lowf_100khz_H_field_db,se_uhf_aperture_degraded_db
aluminum_6061_1mm,Aluminum 6061 Sheet (1.0 mm),1.0,25000000.0,1.0,562.3411796865398,1139.5442408811975,2516.0844906585417,4297.949204755731,547.853153775668,77.73443530739912,1.932773655854184
aluminum_foil_0.05mm,Aluminum Foil (0.05 mm / 2 mil),0.05,35000000.0,1.0,119.12257391610454,146.70812348936064,221.30562327562203,322.23362907356557,104.63448115130139,46.337960924403326,1.932773655854184
copper_sheet_0.5mm,Copper Sheet (0.5 mm),0.5,58000000.0,1.0,453.310993165289,891.2292585543935,1937.8377046645257,3293.727868894151,438.82281896377424,74.8915827247331,1.932773655854184
copper_foil_1oz,Copper Foil (1 oz / 0.035 mm),0.034999999999999996,58000000.0,1.0,118.54155973369764,142.7188578273597,209.22049919129614,299.6959264988408,104.05338553218287,47.62530128742362,1.932773655854184
galvanized_steel_0.8mm,Galvanized Carbon Steel (0.8 mm / 22 ga),0.8,7000000.0,200.0,2890.631989279491,6381.002963506186,14658.129432675476,25349.332568497746,2876.1550704969823,185.5206080322828,1.932773655854184
mumetal_0.5mm,Mu-Metal Alloy (0.5 mm),0.5,1600000.0,20000.0,8489.432709363846,18932.86603005818,43680.105635174375,75635.85015911162,8475.185548412945,488.58834866113995,1.932773655854184
stainless_steel_304,Stainless Steel 304 (0.8 mm),0.8,1400000.0,1.02,167.47577077656334,272.18334380211905,529.4966974216295,866.3288983849936,152.9891557316859,42.517937379810576,1.932773655854184
conductive_fabric_nicu,Ni/Cu Ripstop Conductive Fabric (0.08 mm),0.08,250000.0,1.0,71.52985116246776,71.69350616055381,75.00576142059093,84.51005955384059,57.045710959490656,7.58416832088955,1.932773441670207
low_e_mylar_film,"Metallized Window Film (Low-E Mylar, 50 nm)",4.9999999999999996e-05,10000000.0,1.0,39.571149303615016,39.571149303657215,39.571149304867454,39.57114931490325,25.083374296733822,0.0,1.9320254381801596
